<?xml version="1.0" encoding="UTF-8" standalone="yes"?>
<addon id="repository.Ebs" name="Ebs_Repo" version="1.1" provider-name="Ebs">
	<extension point="xbmc.addon.repository" name="Ebs_Repo">
		<info compressed="false">https://raw.githubusercontent.com/ebs111/ebs_repo/master/repository/addons.xml</info>
		<checksum>https://raw.githubusercontent.com/ebs111/ebs_repo/master/repository/addons.xml.md5</checksum>
		<datadir zip="true">https://raw.githubusercontent.com/ebs111/ebs_repo/master/repository/zips</datadir>
	</extension>
	<extension point="xbmc.addon.metadata">
		<summary>Ebs Repo</summary>
		<description>Ebs Repo</description>
		<platform>all</platform>
	</extension>
</addon>

