<?xml version="1.0" encoding="UTF-8"?>
<window type="dialog" id="1132">
	<defaultcontrol always="true">101</defaultcontrol>
	<animation effect="slide" tween="quadratic" easing="out" time="200" start="0,-400" end="0">Visible</animation>
        <animation effect="slide" tween="quadratic" easing="in" time="200" end="0,-400" start="0">Hidden</animation>
        <animation effect="slide" tween="quadratic" easing="out" time="200" start="0,-400" end="0">WindowOpen</animation>
        <animation effect="slide" tween="quadratic" easing="in" time="200" end="0,-500" start="0">WindowClose</animation>
	<coordinates>
		<system>1</system>
		<left>500</left>
		<top>200</top>
        <height>197</height>
	</coordinates>
	<controls>
		<control type="image">
			<description>background image</description>
			<top>0</top>
			<width>50%</width>
			<height>toppanel</height>
			<texture colordiffuse="$VAR[HomeBar_Color]">common/white.png</texture>
		</control>
        <include content="Dialog_Top_IconHeader2">        
            <param name="label" value="$LOCALIZE[31694]" />
            <param name="icon" value="common/lock_yes.png" />
        </include>
        	<control type="textbox">
			<left>-1040</left>
			<top>102</top>
			<align>right</align>
			<width>1750</width>
			<height>782</height>
			<label>31695</label>
			<textcolor>ListLabel</textcolor>
			<font>Font-ListInfo-Small-Bold</font>
		</control>   
		<control type="button" id="101">
			<left>120</left>
			<top>200</top>
			<width>500</width>
			<height>60</height>
			<label>-</label>
			<align>center</align>
			<onclick>Skin.SetString(temp2)</onclick>
			<onclick>Skin.SetString(mypassword,$INFO[Skin.String(temp2)])</onclick>
			<onclick>Notification(,$VAR[password_notification],5500,)</onclick>	
			<onclick>Close</onclick>
			<onclick>Skin.Reset(temp2)</onclick>
			<animation effect="fade" start="100" end="0" time="0" condition="true">Conditional</animation>
		</control>
	</controls>
</window>