<?xml version="1.0" encoding="UTF-8"?>
<!-- Foundation -->
<window type="dialog" id="1197">
	<visible>system.getbool(lookandfeel.enablerssfeeds) + !Window.IsVisible(slideshow) + !Window.IsVisible(SettingsScreenCalibration.xml) + !Window.IsVisible(screensaver) + !Window.IsVisible(startup) + !Window.IsVisible(fullscreenvideo) + !Window.IsVisible(visualisation) + !Window.IsVisible(SettingsCategory.xml)</visible>
	<controls>
	    <control type="rss">
            <posx>48</posx>
            <posy>1032</posy>
            <width>1870</width>
            <font>Font-RSS</font>
            <textcolor>SideArrow</textcolor>
            <headlinecolor>SideArrow</headlinecolor>
            <titlecolor>LineLabel</titlecolor>
            <visible>Window.IsVisible(home)</visible>           
            <visible>Skin.String(HomeStyle, textintile)</visible>
            <animation effect="slide" start="-1200" end="0" time="250">WindowOpen</animation>
            <animation effect="slide" end="-1200" start="0" time="250">WindowClose</animation>
            <animation effect="slide" tween="quadratic" easing="in" time="150" end="0,266" start="0" reversible="false" condition="!IsEmpty(Window(home).Property(FO9001)) + stringcompare(Window(home).Property(FO9001),2)">Conditional</animation>
            <animation effect="slide" start="0" end="0,266" time="500" tween="back" reversible="false" easing="out" condition="!IsEmpty(Window(home).Property(FO9001)) + stringcompare(Window(home).Property(FO9001),1)">Conditional</animation>
            <animation effect="slide" end="0" start="0,266" time="150" reversible="false" condition="IsEmpty(Window(home).Property(FO9001))">Conditional</animation>
        </control>
        <control type="group">
            <include>Animation_FadeIn</include>
            <include>Animation_FadeOut</include>
            <visible>Window.IsVisible(home)</visible>
            <visible>!Window.IsActive(DialogNotification.xml)</visible>
            <visible>!Window.IsActive(DialogExtendedProgressBar.xml)</visible>
            <visible>!Player.HasMedia</visible>            
            <visible>Skin.String(HomeStyle, rounded) | Skin.String(HomeStyle, squared) | Skin.String(HomeStyle, beveled) | Skin.String(HomeStyle, circle) | Skin.String(HomeStyle, emptybeveled) | Skin.String(HomeStyle, emptyrounded) | Skin.String(HomeStyle, emptysquared) | Skin.String(HomeStyle, emptycircle) | Skin.String(HomeStyle, iconsonly)</visible>
            <animation effect="slide" start="-1200" end="0" time="250">WindowOpen</animation>
            <animation effect="slide" end="-1200" start="0" time="250">WindowClose</animation>
            <animation effect="slide" tween="quadratic" easing="in" time="150" end="0,266" start="0" reversible="false" condition="!IsEmpty(Window(home).Property(FO9001)) + stringcompare(Window(home).Property(FO9001),2)">Conditional</animation>
            <animation effect="slide" start="0" end="0,266" time="500" tween="back" reversible="false" easing="out" condition="!IsEmpty(Window(home).Property(FO9001)) + stringcompare(Window(home).Property(FO9001),1)">Conditional</animation>
            <animation effect="slide" end="0" start="0,266" time="150" reversible="false" condition="IsEmpty(Window(home).Property(FO9001))">Conditional</animation>
            <!--<control type="image">
                <posx>16</posx>
                <posy>40r</posy>
                <width>32</width>
                <height>32</height>
                <texture colordiffuse="LineLabel">common/rss.png</texture>
            </control>-->
            <control type="rss">
                <posx>8</posx>
                <posy>35r</posy>
                <width>1900</width>
                <height>32</height>
                <aligny>center</aligny>
                <font>Font-RSS</font>
                <textcolor>SideArrow</textcolor>
                <headlinecolor>SideArrow</headlinecolor>
                <titlecolor>LineLabel</titlecolor>
            </control>
        </control>

        
	    
	</controls>
</window>
