<?xml version="1.0" encoding="UTF-8"?>
<window>
    <defaultcontrol always="true">450</defaultcontrol>
    <controls>
        <include>GlobalOverlay</include>
        <control type="group">
            <include>Animation_SlideIn</include>
            <include>Animation_FadeOut</include>
            <centerleft>50%</centerleft>
            <width>favdialogw</width>
            <bottom>300</bottom>
            <height>514</height>
            <include>Dialog_Background</include>
            <include content="Dialog_Top_IconHeader">
                <param name="label" value="$LOCALIZE[1036]" />
                <param name="icon" value="special://skin/extras/icons/favourites.png" />
            </include>
            <control type="image">
                <left>side</left>
                <bottom>side</bottom>
                <width>414</width>
                <height>414</height>
                <texture colordiffuse="PosterBorder">common/white.png</texture>
            </control>
            <control type="image">
                <left>side</left>
                <bottom>side</bottom>
                <width>414</width>
                <height>414</height>
                <aspectratio>keep</aspectratio>
                <texture background="true" fallback="DefaultAddon.png">$INFO[Container(450).ListItem.Icon]</texture>
            </control>
            <include content="Dialog_FavouriteList">
                <param name="id" value="450" />
                <param name="moveid" value="noop" />
            </include>

        </control>
    </controls>

</window>