<?xml version="1.0" encoding="UTF-8"?>
<window>
    <defaultcontrol always="true">10</defaultcontrol>
    <controls>

        <control type="group">
            <top>dialogtop</top>
            <bottom>60</bottom>
            <left>sidepad</left>
            <right>sidepad</right>
            <include>Animation_SlideIn</include>
            <include>Animation_FadeOut</include>
            <animation effect="slide" tween="quadratic" easing="out" time="300" start="0,1920" end="0">WindowOpen</animation>
            <animation effect="slide" tween="quadratic" easing="in" time="300" end="0,1920" start="0">WindowClose</animation>
            <include>Dialog_Background</include>
            <control type="group">
                <top>70</top>
                <left>bigpad</left>
                <right>bigpad</right>
                <bottom>bigpad</bottom>
                <control type="group">
                    <bottom>148</bottom>
                    <include>Object_Background</include>
                </control>
                <include content="Object_Line">
                    <param name="width" value="headlinew" />
                    <param name="label" value="$LOCALIZE[35058]" />
                </include>
                <control type="grouplist" id="3">
                    <left>bigpad</left>
                    <right>1352</right>
                    <top>bigpad</top>
                    <height>532</height>
                    <onright>5</onright>
                    <onleft>8000</onleft>
                    <ondown>8000</ondown>
                    <itemgap>bigpad</itemgap>
                </control>
                <control type="gamecontroller" id="31">
                    <left>500</left>
                    <right>500</right>
                    <top>50</top>
                    <height>450</height>
                    <aspectratio>scale</aspectratio>
                </control>
                <control type="grouplist" id="5">
                    <left>1352</left>
                    <right>bigpad</right>
                    <top>bigpad</top>
                    <height>532</height>
                    <onleft>3</onleft>
                    <onright>8000</onright>
                    <ondown>8000</ondown>
                    <itemgap>bigpad</itemgap>
                </control>
                <control type="grouplist" id="8000">
                    <left>0</left>
                    <right>0</right>
                    <align>center</align>
                    <height>72</height>
                    <bottom>bigpad</bottom>
                    <itemgap>bigpad</itemgap>
                    <orientation>horizontal</orientation>
                    <onup>5</onup>
                    <onleft>3</onleft>
                    <onright>5</onright>
                    <control type="button" id="17">
                        <align>center</align>
                        <width>380</width>
                        <label>10043</label>
                        <include>Defs_OptionButton2</include>
                    </control>
                    <control type="button" id="18">
                        <align>center</align>
                        <width>380</width>
                        <label>186</label>
                        <include>Defs_OptionButton2</include>
                    </control>
                    <control type="button" id="19">
                        <align>center</align>
                        <width>380</width>
                        <label>10035</label>
                        <include>Defs_OptionButton2</include>
                    </control>
                    <control type="button" id="20">
                        <align>center</align>
                        <width>380</width>
                        <label>21452</label>
                        <include>Defs_OptionButton2</include>
                    </control>
                </control>
            </control>
        </control>
        <control type="button" id="7">
            <align>center</align>
            <width>380</width>
            <include>Defs_OptionButton2</include>
        </control>
        <control type="label" id="14">
            <width>380</width>
            <align>left</align>
            <font>Font-ListInfo-Small-Bold</font>
            <include>Defs_OptionButton2</include>
        </control>
        <control type="image" id="11">
            <width>380</width>
            <texture border="30">common/div.png</texture>
            <include>Defs_OptionButton2</include>
        </control>
        <control type="button" id="10">
            <align>center</align>
            <width>380</width>
            <include>Defs_OptionButton2</include>
        </control>
    </controls>

</window>
