<?xml version="1.0" encoding="UTF-8"?>
<window>
    <defaultcontrol always="true">9000</defaultcontrol>
    <zorder>20</zorder>
    <!-- <onload condition="!Player.HasMedia">Close</onload> -->
    <controls>
        <include>GlobalOverlay</include>
        <control type="group">
            <animation effect="slide" tween="quadratic" easing="out" time="150" start="0,266" end="0">WindowOpen</animation>
            <animation effect="slide" tween="quadratic" easing="in" time="150" end="0,266" start="0">WindowClose</animation>
            <include condition="!Player.HasMedia">Home_Menu</include>
        </control>
            <include condition="Player.HasMedia">Window_PlayerControls</include>
    </controls>
</window>