<!-- <?xml version="1.0" encoding="UTF-8"?> -->
<window>
    <defaultcontrol always="true">401</defaultcontrol>
    <controls>
        <include>GlobalOverlay</include>

        <control type="group">
            <include>Animation_SlideIn</include>
            <include>Animation_FadeOut</include>
            <centerleft>50%</centerleft>
            <width>favdialogw</width>
            <bottom>80</bottom>
            <height>790</height>
            <include>Dialog_Background</include>
            <include content="Dialog_Top_IconHeader">
                <param name="label" value="$INFO[Control.GetLabel(500)]" />
                <param name="icon" value="special://skin/extras/icons/settings.png" />
            </include>
  
            <control type="list" id="211">
                <right>side</right>
                <left>1075</left>
                <top>80</top>
                <bottom>side</bottom>
                <scrolltime>0</scrolltime>
                <orientation>vertical</orientation>
                <scrolltime tween="quadratic">400</scrolltime>
                <itemlayout height="69" width="635">
                    <control type="image">
                        <width>100%</width>
                        <height>100%</height>
                        <texture colordiffuse="PosterBorder">common/white.png</texture>
                    </control>
                    <control type="label">
                        <left>30</left>
                        <right>30</right>
                        <align>right</align>
                        <top>0</top>
                        <height>100%</height>
                        <label>$INFO[ListItem.Label]</label>
                        <visible>stringcompare(Window.Property(groupname),powermenu)</visible>
                    </control>
                    <control type="label">
                        <left>90</left>
                        <right>110</right>
                        <align>right</align>
                        <top>0</top>
                        <height>100%</height>
                        <label>$INFO[ListItem.Label]</label>
                        <visible>!stringcompare(Window.Property(groupname),powermenu)</visible>
                    </control>
                    <control type="image">
                        <left>10</left>
                        <right>10</right>
                        <top>0</top>
                        <height>100%</height>
                        <align>right</align>
                        <font>Font-ListInfo</font>
                        <aspectratio align="right">keep</aspectratio>
                        <visible>!stringcompare(Window.Property(groupname),powermenu)</visible>
                        <texture colordiffuse="ListLabel">$INFO[ListItem.Icon]</texture>
                    </control>
                </itemlayout>

                <focusedlayout height="69" width="635">
                    <control type="image">
                        <width>100%</width>
                        <height>100%</height>
                        <texture colordiffuse="$VAR[Defs_HomeTileColor]">common/white.png</texture>
                    </control>
                    <control type="label">
                        <left>30</left>
                        <right>30</right>
                        <align>right</align>
                        <top>0</top>
                        <height>100%</height>
                        <label>$INFO[ListItem.Label]</label>
                        <textcolor>Selected</textcolor>
                        <visible>stringcompare(Window.Property(groupname),powermenu)</visible>
                    </control>
                    <control type="label">
                        <left>90</left>
                        <right>110</right>
                        <align>right</align>
                        <top>0</top>
                        <height>100%</height>
                        <label>$INFO[ListItem.Label]</label>
                        <textcolor>Selected</textcolor>
                        <visible>!stringcompare(Window.Property(groupname),powermenu)</visible>
                    </control>
                    <control type="image">
                        <left>10</left>
                        <right>10</right>
                        <top>0</top>
                        <height>100%</height>
                        <font>Font-ListInfo</font>
                        <aspectratio align="right">keep</aspectratio>
                        <texture colordiffuse="Selected">$INFO[ListItem.Icon]</texture>
                        <visible>!stringcompare(Window.Property(groupname),powermenu)</visible>
                    </control>
                </focusedlayout>
            </control>

            <control type="grouplist" id="9100">
                <onleft>304</onleft>
                <onright>303</onright>
                <onup>9100</onup>
                <ondown>9100</ondown>
                <left>30</left>
                <top>80</top>
                <bottom>side</bottom>
                <width>1035</width>
                <orientation>vertical</orientation>
                <itemgap>0</itemgap>

                <control type="button" id="401" description="Alt chooser">
                    <width>100%</width>
                    <align>right</align>
                    <include>Defs_OptionButton</include>
                </control>
                
                <control type="button" id="307" description="Custom">
                    <width>100%</width>
                    <label>31186</label>
                    <label2>$INFO[Container(211).ListItem.Property(path)]</label2>
                    <include>Defs_OptionButton</include>
                </control>

                <control type="button" id="305" description="Set Label">
                    <width>100%</width>
                    <label>31185</label>
                    <label2>$INFO[Container(211).ListItem.Label]</label2>
                    <include>Defs_OptionButton</include>
                </control>

                <control type="button" id="306" description="Browse for Thumb">
                    <width>100%</width>
                    <label>31075</label>
                    <label2>$INFO[Container(211).ListItem.Icon]</label2>
                    <include>Defs_OptionButton</include>
                    <visible>!stringcompare(Window.Property(groupname),powermenu)</visible>
                </control>

                <control type="button" id="312" description="Widget">
                    <width>100%</width>
                    <label>$VAR[Defs_Widget_Label]</label>
                    <label2>$VAR[Defs_Widget_Label2]</label2>
                    <include>Defs_OptionButton</include>
                    <visible>stringcompare(Window.Property(groupname),mainmenu) | SubString(Window.Property(groupname),x11,Left)</visible>
                </control>

                <control type="button" id="9702" description="PosterWidget">
                    <width>100%</width>
                    <label>31150</label>
                    <label2>$VAR[Label_SkinSetting_PosterWidget]</label2>
                    <radioposx>40</radioposx>                  
                    <onclick>SetProperty(customProperty,PosterWidget)</onclick>
                    <onclick condition="StringCompare(Container(211).ListItem.Property(PosterWidget),$LOCALIZE[31155])">SetProperty(customValue,$LOCALIZE[31154])</onclick>
                    <onclick condition="StringCompare(Container(211).ListItem.Property(PosterWidget),$LOCALIZE[31154])">SetProperty(customValue,$LOCALIZE[31153])</onclick>
                    <onclick condition="StringCompare(Container(211).ListItem.Property(PosterWidget),$LOCALIZE[31153])">SetProperty(customValue,$LOCALIZE[31155])</onclick>
                    <onclick condition="!StringCompare(Container(211).ListItem.Property(PosterWidget),$LOCALIZE[31155]) + !StringCompare(Container(211).ListItem.Property(PosterWidget),$LOCALIZE[31154]) + !StringCompare(Container(211).ListItem.Property(PosterWidget),$LOCALIZE[31153])">SetProperty(customValue,$LOCALIZE[31155])</onclick>                    
                    <onclick>SendClick(404)</onclick>                  
                    <include>Defs_OptionButton</include>
                    <visible>StringCompare(Window.Property(groupname),mainmenu)</visible>
                    <visible>StringCompare(Skin.String(home.widgetposters),$LOCALIZE[31166])</visible>
                </control>

                <include content="Defs_Shortcuts_SetHub">
                    <param name="hubid" value="1101" />
                    <param name="buttonid1" value="9301" />
                    <param name="buttonid2" value="9401" />
                </include>

                <include content="Defs_Shortcuts_SetHub">
                    <param name="hubid" value="1102" />
                    <param name="buttonid1" value="9302" />
                    <param name="buttonid2" value="9402" />
                </include>

                <include content="Defs_Shortcuts_SetHub">
                    <param name="hubid" value="1103" />
                    <param name="buttonid1" value="9303" />
                    <param name="buttonid2" value="9403" />
                </include>

                <include content="Defs_Shortcuts_SetHub">
                    <param name="hubid" value="1104" />
                    <param name="buttonid1" value="9304" />
                    <param name="buttonid2" value="9404" />
                </include>

                <include content="Defs_Shortcuts_SetHub">
                    <param name="hubid" value="1105" />
                    <param name="buttonid1" value="9305" />
                    <param name="buttonid2" value="9405" />
                </include>

                <include content="Defs_Shortcuts_SetHub">
                    <param name="hubid" value="1106" />
                    <param name="buttonid1" value="9306" />
                    <param name="buttonid2" value="9406" />
                </include>

                <include content="Defs_Shortcuts_SetHub">
                    <param name="hubid" value="1107" />
                    <param name="buttonid1" value="9307" />
                    <param name="buttonid2" value="9407" />
                </include>

                <include content="Defs_Shortcuts_SetHub">
                    <param name="hubid" value="1108" />
                    <param name="buttonid1" value="9308" />
                    <param name="buttonid2" value="9408" />
                </include>

                <include content="Defs_Shortcuts_SetHub">
                    <param name="hubid" value="1109" />
                    <param name="buttonid1" value="9309" />
                    <param name="buttonid2" value="9409" />
                </include>
                
                <include content="Defs_Shortcuts_SetHub">
                    <param name="hubid" value="1110" />
                    <param name="buttonid1" value="9310" />
                    <param name="buttonid2" value="9410" />
                </include>
                
                <include content="Defs_Shortcuts_SetHub">
                    <param name="hubid" value="1111" />
                    <param name="buttonid1" value="9311" />
                    <param name="buttonid2" value="9411" />
                </include>
                
                <include content="Defs_Shortcuts_SetHub">
                    <param name="hubid" value="1112" />
                    <param name="buttonid1" value="9312" />
                    <param name="buttonid2" value="9412" />
                </include>
                
                <include content="Defs_Shortcuts_SetHub">
                    <param name="hubid" value="1113" />
                    <param name="buttonid1" value="9313" />
                    <param name="buttonid2" value="9413" />
                </include>
                
                <include content="Defs_Shortcuts_SetHub">
                    <param name="hubid" value="1114" />
                    <param name="buttonid1" value="9314" />
                    <param name="buttonid2" value="9414" />
                </include>
                
                <include content="Defs_Shortcuts_SetHub">
                    <param name="hubid" value="1115" />
                    <param name="buttonid1" value="9315" />
                    <param name="buttonid2" value="9415" />
                </include>
                
                <include content="Defs_Shortcuts_SetHub">
                    <param name="hubid" value="1116" />
                    <param name="buttonid1" value="9316" />
                    <param name="buttonid2" value="9416" />
                </include>
                
                <include content="Defs_Shortcuts_SetHub">
                    <param name="hubid" value="1117" />
                    <param name="buttonid1" value="9317" />
                    <param name="buttonid2" value="9417" />
                </include>
                
                <include content="Defs_Shortcuts_SetHub">
                    <param name="hubid" value="1118" />
                    <param name="buttonid1" value="9318" />
                    <param name="buttonid2" value="9418" />
                </include>                                               

                <control type="button" id="405" description="Set Submenu">
                    <width>100%</width>
                    <align>right</align>
                    <label>31074</label>
                    <visible>stringcompare(Window.Property(groupname),mainmenu)</visible>
                    <include>Defs_OptionButton</include>
                </control>
                
                <control type="button" id="9704" description="Hub Image">
                    <width>100%</width>
                    <label>31737</label>
                    <label2>$INFO[Container(211).ListItem.Property(hubImage)]</label2>
                    <include>Defs_OptionButton</include>
                    <visible>SubString(Window.Property(groupname),x11,Left)</visible>
                </control>

                <control type="button" id="310" description="Background">
                    <width>100%</width>
                    <label>31187</label>
                    <label2>$INFO[Container(211).ListItem.Property(background)]</label2>
                    <include>Defs_OptionButton</include>
                </control>

                <control type="button" id="9701" description="Select Color">
                    <width>100%</width>
                    <label>31128</label>
                    <label2>$INFO[Container(211).ListItem.Property(tilecolor)]</label2>
                    <onclick>RunScript(script.skin.helper.colorpicker,shortcutproperty=tilecolor)</onclick>
                    <include>Defs_OptionButton</include>
                    <visible>Skin.HasSetting(home.tilecolor)</visible>
					<visible>!String.IsEqual(Window.Property(groupname),quicknav)</visible>
                </control>
                
                <control type="button" id="9703" description="Select Text Color">
                    <width>100%</width>
                    <label>31653</label>
                    <label2>$INFO[Container(211).ListItem.Property(textcolor)]</label2>
                    <onclick>RunScript(script.skin.helper.service,action=colorpicker,shortcutproperty=textcolor)</onclick>
                    <include>Defs_OptionButton</include>
                    <visible>Skin.HasSetting(home.textcolor)</visible>
                </control>
                   
		        <control type="button" id="993" description="Password Protection">
			       <width>100%</width>
			       <include>Defs_OptionButton</include>			
			       <label>31690</label>
			       <label2>$VAR[passcode]</label2>
			       <visible>StringCompare(Window.Property(groupname), mainmenu)</visible>
                </control>                              

                <control type="button" id="308" description="Reset">
                    <width>100%</width>
                    <align>right</align>
                    <include>Defs_OptionButton</include>
                </control>
            </control>

            <control type="label" id="500"><visible>false</visible><font/></control>
            
            <control type="grouplist" id="9200">
                <right>470</right>
                <top>97</top>
                <width>600</width>
                <align>right</align>
                <itemgap>4</itemgap>
                <onleft>9100</onleft>
                <onup>Control.Move(211,-1)</onup>
                <ondown>Control.Move(211,1)</ondown>
                <orientation>horizontal</orientation>
                <animation effect="slide" end="0,69" condition="IntegerGreaterThan(Container(211).Position,0)">Conditional</animation>
                <animation effect="slide" end="0,69" condition="IntegerGreaterThan(Container(211).Position,1)">Conditional</animation>
                <animation effect="slide" end="0,69" condition="IntegerGreaterThan(Container(211).Position,2)">Conditional</animation>
                <animation effect="slide" end="0,69" condition="IntegerGreaterThan(Container(211).Position,3)">Conditional</animation>
                <animation effect="slide" end="0,69" condition="IntegerGreaterThan(Container(211).Position,4)">Conditional</animation>
                <animation effect="slide" end="0,69" condition="IntegerGreaterThan(Container(211).Position,5)">Conditional</animation>
                <animation effect="slide" end="0,69" condition="IntegerGreaterThan(Container(211).Position,6)">Conditional</animation>
                <animation effect="slide" end="0,69" condition="IntegerGreaterThan(Container(211).Position,7)">Conditional</animation>
                <animation effect="slide" end="0,69" condition="IntegerGreaterThan(Container(211).Position,8)">Conditional</animation>
                <animation effect="slide" end="0,69" condition="IntegerGreaterThan(Container(211).Position,9)">Conditional</animation>
                <animation effect="slide" end="0,69" condition="IntegerGreaterThan(Container(211).Position,10)">Conditional</animation>
                <animation effect="slide" end="0,69" condition="IntegerGreaterThan(Container(211).Position,11)">Conditional</animation>
                <control type="button" id="302" description="Delete">
                    <width>32</width>
                    <height>32</height>
                    <font>-</font>
                    <texturenofocus colordiffuse="Disabled">common/delete.png</texturenofocus>
                    <texturefocus colordiffuse="Selected">common/delete.png</texturefocus>
                </control>
                <control type="button" id="301" description="Add">
                    <width>32</width>
                    <height>32</height>
                    <font>-</font>
                    <texturenofocus colordiffuse="Disabled">common/add.png</texturenofocus>
                    <texturefocus colordiffuse="Selected">common/add.png</texturefocus>
                </control>
                <control type="button" id="303" description="Up">
                    <width>32</width>
                    <height>32</height>
                    <font>-</font>
                    <texturenofocus colordiffuse="Disabled" flipy="true">common/spin-down.png</texturenofocus>
                    <texturefocus colordiffuse="Selected" flipy="true">common/spin-down.png</texturefocus>
                </control>
                <control type="button" id="304" description="Down">
                    <width>32</width>
                    <height>32</height>
                    <font>-</font>
                    <texturenofocus colordiffuse="Disabled" flipy="false">common/spin-down.png</texturenofocus>
                    <texturefocus colordiffuse="Selected" flipy="false">common/spin-down.png</texturefocus>
                </control>
                
            </control>
        </control>

        <control type="button" id="404"><visible allowhiddenfocus="true">false</visible><width>1</width><height>1</height></control>
    </controls>
</window>
