<?xml version="1.0" encoding="UTF-8"?>
<window>
    <backgroundcolor>Background</backgroundcolor>
    <defaultcontrol always="true">2</defaultcontrol>

    <controls>
        <!-- Background -->
        <include>Furniture_Background</include>
        <include>Furniture_TopBar</include>
        <include>Furniture_RSS</include>

        <!-- Content -->
        <control type="group">
            <top>210</top>
            <height>711</height>
            <centerleft>50%</centerleft>
            <width>100%</width>
            <include>Animation_SlideIn</include>
            <include>Animation_FadeOut</include>
            <control type="group">
                <top>70</top>
                <left>side</left>
                <right>side</right>
                <height>height</height>
                <include content="Object_Line">
                    <param name="width" value="1880" />
                    <param name="label" value="$INFO[System.ProfileName]" />
                </include>
                <control type="radiobutton" id="4">
                    <align>left</align>
                    <textoffsetx>30</textoffsetx>
                    <width>100%</width>
                    <label>20096</label>
                    <onup>noop</onup>
                    <ondown>5</ondown>
                    <radioposx>1825</radioposx>
                    <include>Defs_OptionButton</include>
                </control>
                <control type="button" id="5">
                    <top>69</top>
                    <align>left</align>
                    <textoffsetx>30</textoffsetx>
                    <radioposx>1825</radioposx>
                    <width>100%</width>
                    <onup>4</onup>
                    <ondown>2</ondown>
                    <label>33084</label>
                    <label2>$INFO[System.ProfileAutoLogin]</label2>
                    <enable>!System.HasLoginScreen</enable>
                    <include>Defs_OptionButton</include>
                </control>

            </control>
            <control type="group">
                <top>208</top>
                <left>side</left>
                <right>side</right>
                <width>100%</width>
                <height>572</height>
                <include content="Dialog_ImageList">
                    <param name="id" value="2" />
                    <param name="moveid" value="5" />
                    <param name="onup" value="5" />
                    <param name="left" value="0" />
                    <param name="width" value="1880" />
                    <param name="top" value="0" />
                    <param name="pad" value="20" />
                </include>
            </control>
        </control>

    </controls>

</window>
