<?xml version="1.0" encoding="UTF-8"?>
<window>
    <backgroundcolor>Background</backgroundcolor>
    <defaultcontrol always="true">95</defaultcontrol>

    <controls>
        <include>Furniture_Background</include>
        <include>Furniture_TopBar</include>
        <include>Furniture_RSS</include>
        <control type="group">
            <include>Animation_SlideIn</include>
            <include>Animation_FadeOut</include>
            <!-- Main List -->
            <control type="group">
                <right>side</right>
                <top>top</top>
                <height>height</height>
                <width>475</width>
                <include content="Object_Line">
                    <param name="width" value="475" />
                    <param name="label" value="21866" />
                </include>
                <control type="grouplist" id="9000">                
                    <itemgap>0</itemgap>
                    <onright>9100</onright>
                    <onup>noop</onup>
                    <ondown>noop</ondown>
                    <control type="button" id="95">
                        <width>100%</width>
                        <align>right</align>
                        <label>20154</label>
                        <include>Defs_OptionButton</include>
                    </control>
                    <control type="button" id="94">
                        <width>100%</width>
                        <align>right</align>
                        <label>20155</label>
                        <include>Defs_OptionButton</include>
                    </control>
                    <control type="button" id="96">
                        <width>100%</width>
                        <align>right</align>
                        <label>20158</label>
                        <include>Defs_OptionButton</include>
                    </control>
                    <control type="button" id="97">
                        <width>100%</width>
                        <align>right</align>
                        <label>20159</label>
                        <include>Defs_OptionButton</include>
                    </control>
                    <control type="button" id="98">
                        <width>100%</width>
                        <align>right</align>
                        <label>20160</label>
                        <include>Defs_OptionButton</include>
                    </control>
                    <control type="button" id="99">
                        <width>100%</width>
                        <label>19166</label>
                        <include>Defs_OptionButton</include>
                    </control>
                    <control type="button" id="100">
                        <width>100%</width>
                        <label>12389</label>
                        <include>Defs_OptionButton</include>
                    </control>
                </control>
            </control>

            <!-- Sub List -->
            <control type="group">
                <right>505</right>
                <top>top</top>
                <height>height</height>
                <right>side</right>
                <include content="Object_Line">
                    <param name="width" value="1395" />
                    <param name="label" value="19033" />
                </include>
                <control type="image">
                    <width>100%</width>
                    <height>100%</height>
                    <texture colordiffuse="PosterBorder">common/white.png</texture>
                </control>
                <control type="grouplist" id="9100">                
                    <itemgap>0</itemgap>
                    <onleft>9000</onleft>
                    <usecontrolcoords>true</usecontrolcoords>
                    <control type="label">
                        <top>16</top>
                        <width>100%</width>
                        <height>48</height>
                        <include>Defs_OptionButton</include>
                        <label>$INFO[Control.GetLabel(52)]</label>
                    </control>
                    <control type="label">
                        <description>CPU Text</description>
                        <label>$LOCALIZE[13271]</label>
                        <width>100%</width>
                        <include>Defs_OptionButton</include>
                    </control>
                    <control type="label">
                        <description>CPU Text</description>
                        <posy>-69</posy>
                        <align>right</align>
                        <left>20</left>
                        <width>960</width>
                        <label>$INFO[System.CPUUsage]</label>
                        <include>Defs_OptionButton</include>
                    </control>
                    <control type="progress" id="22">
                        <description>CPU BAR</description>
                        <height>10</height>
                        <left>20</left>
                        <width>940</width>
                        <info>System.CPUUsage</info>
                        <include>Defs_OptionButton</include>
                    </control>
                    
                    <control type="label">
                        <top>-79</top>
                        <left>960</left>
                        <description>Memory Text</description>
                        <label>RAM:</label>
                        <include>Defs_OptionButton</include>
                    </control>
                    <control type="label">
                        <description>Memory Text</description>
                        <posy>-69</posy>
                        <align>right</align>
                        <right>5</right>
                        <label>$INFO[system.memory(used.percent)]</label>
                        <include>Defs_OptionButton</include>
                    </control>

                    <control type="progress" id="24">
                        <description>Memory BAR</description>
                        <height>10</height>
                        <left>980</left>
                        <width>390</width>
                        <info>system.memory(used)</info>
                        <include>Defs_OptionButton</include>
                    </control>
                    <control type="textbox" id="30">
                    	<top>48</top>
                        <left>20</left>
                        <width>97%</width>
                        <height>500</height>
                        <align>left</align>
                        <include>Defs_OptionButton</include>
                    </control>                    

                    <control type="label" id="2">
                        <top>48</top>
                        <width>100%</width>
                        <height>48</height>
                        <include>Defs_OptionButton</include>
                    </control>
                    <control type="label" id="3">
                        <width>100%</width>
                        <height>48</height>
                        <include>Defs_OptionButton</include>
                    </control>
                    <control type="label" id="4">
                        <width>100%</width>
                        <height>48</height>
                        <include>Defs_OptionButton</include>
                    </control>
                    <control type="label" id="5">
                        <width>100%</width>
                        <height>48</height>
                        <include>Defs_OptionButton</include>
                    </control>
                    <control type="label" id="6">
                        <width>100%</width>
                        <height>48</height>
                        <include>Defs_OptionButton</include>
                    </control>
                    <control type="label" id="7">
                        <width>100%</width>
                        <height>48</height>
                        <include>Defs_OptionButton</include>
                    </control>
                    <control type="label" id="8">
                        <width>100%</width>
                        <height>48</height>
                        <include>Defs_OptionButton</include>
                    </control>
                    <control type="label" id="9">
                        <width>100%</width>
                        <height>48</height>
                        <include>Defs_OptionButton</include>
                    </control>
                    <control type="label" id="10">
                        <width>100%</width>
                        <height>48</height>
                        <include>Defs_OptionButton</include>
                    </control>
                    <control type="label" id="11">
                        <width>100%</width>
                        <height>48</height>
                        <include>Defs_OptionButton</include>
                    </control>
                </control>
            </control>
        </control>
        <control type="label" id="52"><visible>false</visible></control>
    </controls>

</window>
