<?xml version="1.0" encoding="UTF-8"?>
<window>
	<defaultcontrol always="true">15</defaultcontrol>

	<controls>
        <include>GlobalOverlay</include>
        <control type="group">
            <centertop>588</centertop>
            <height>480</height>
            <centerleft>50%</centerleft>
            <width>1400</width>
            <include>Animation_SlideIn</include>
            <include>Animation_FadeOut</include>
            <animation effect="slide" tween="quadratic" easing="out" time="300" start="0,1920" end="0">WindowOpen</animation>
            <animation effect="slide" tween="quadratic" easing="in" time="300" end="0,1920" start="0">WindowClose</animation>
            <include>Dialog_Background</include>
            <control type="group">
                <top>70</top>
                <left>side</left>
                <right>side</right>
                <control type="group">
                    <height>69</height>
                    <include content="Object_Line">
                        <param name="width" value="1360" />
                        <param name="label" value="$LOCALIZE[21421]" />
                    </include>
                </control> 
                <control type="group">
                    <width>100%</width>
                    <control type="spincontrolex" id="15">
                        <align>left</align>
                        <textoffsetx>30</textoffsetx>
                        <width>675</width>
                        <ondown>17</ondown>
                        <onright>16</onright>
                        <include>Defs_OptionButton</include>
                    </control>
                    <control type="spincontrolex" id="16">
                        <right>0</right>
                        <align>left</align>
                        <textoffsetx>30</textoffsetx>
                        <width>675</width>
                        <onleft>15</onleft>
                        <ondown>17</ondown>
                        <include>Defs_OptionButton</include>
                    </control>
                    <control type="edit" id="17">
                        <top>79</top>
                        <align>center</align>
                        <textoffsetx>30</textoffsetx>
                        <width>100%</width>
                        <onup>15</onup>
                        <ondown>20</ondown>
                        <include>Defs_OptionButton</include>
                    </control>

                </control> 
            </control>
            <control type="group">
                <left>side</left>
                <right>side</right>
                <bottom>109</bottom>
                <height>69</height>
                <control type="button" id="20">
                    <align>center</align>
                    <width>100%</width>
                    <label>1024</label>
                    <ondown>8000</ondown>
                    <onup>17</onup>
                    <include>Defs_OptionButton</include>
                </control>
            </control>
            <!-- Ok Cancel Defaults -->
            <control type="grouplist" id="8000">
                <centerleft>50%</centerleft>
                <width>760</width>
                <bottom>side</bottom>
                <height>69</height>
                <align>center</align>
                <itemgap>20</itemgap>
                <onup>20</onup>
                <ondown>noop</ondown>
                <orientation>horizontal</orientation>
                <control type="button" id="18">
                    <align>center</align>
                    <width>370</width>
                    <label>186</label>
                    <include>Defs_OptionButton</include>
                </control>
                <control type="button" id="19">
                    <align>center</align>
                    <width>370</width>
                    <label>222</label>
                    <include>Defs_OptionButton</include>
                </control>
            </control>
        </control>

	</controls>

</window>