<?xml version="1.0" encoding="UTF-8"?>
<window>
    <!-- videobookmarks -->
    <defaultcontrol always="true">2</defaultcontrol>

    <controls>
        <control type="group">
            <top>210</top>
            <bottom>133</bottom>
            <centerleft>50%</centerleft>
            <width>1190</width>
            <include>Animation_SlideIn</include>
            <include>Animation_FadeOut</include>
            <animation effect="slide" tween="quadratic" easing="out" time="300" start="0,1920" end="0">WindowOpen</animation>
            <animation effect="slide" tween="quadratic" easing="in" time="300" end="0,1920" start="0">WindowClose</animation>
            <include>Dialog_Background</include>
            <control type="group">
                <top>70</top>
                <left>side</left>
                <right>0</right>
                <height>572</height>
                <control type="group">
                    <left>0</left>
                    <right>side</right>
                    <height>552</height>
                    <include content="Object_Line">
                        <param name="width" value="1150" />
                        <param name="label" value="$INFO[Control.GetLabel(2)]" />
                    </include>
                </control>
                <include content="Dialog_ImageList">
                    <param name="id" value="11" />
                    <param name="moveid" value="8000" />
                    <param name="ondown" value="8000" />
                    <param name="left" value="0" />
                    <param name="width" value="1150" />
                    <param name="top" value="0" />
                    <param name="pad" value="20" />
                </include>
            </control>
            <!-- Ok Cancel Defaults -->
            <control type="grouplist" id="8000">
                <centerleft>50%</centerleft>
                <width>1150</width>
                <bottom>side</bottom>
                <height>69</height>
                <align>center</align>
                <itemgap>20</itemgap>
                <onup>11</onup>
                <ondown>noop</ondown>
                <orientation>horizontal</orientation>
                <control type="button" id="2">
                    <align>center</align>
                    <width>370</width>
                    <label>294</label>
                    <include>Defs_OptionButton</include>
                </control>
                <control type="button" id="3">
                    <align>center</align>
                    <width>370</width>
                    <label>296</label>
                    <include>Defs_OptionButton</include>
                </control>
                <control type="button" id="4">
                    <align>center</align>
                    <width>370</width>
                    <label>20406</label>
                    <include>Defs_OptionButton</include>
                </control>
            </control>
        </control>
    </controls>

</window>
