<?xml version="1.0" encoding="UTF-8"?>
<includes>
    <!-- LIST -->
    <include name="Viewtype_List">
        <control type="group">
            <visible>Control.IsVisible(50)</visible>
            <include>Animation_FadeIn</include>
            <include>Animation_FadeOut</include>
            <left>side</left>
            <right>side</right>
            <top>top</top>
            <height>height</height>
            <include content="Object_Poster"><!-- תצוגה מקדימה -->
                <param name="right" value="posterx" />
                <param name="width" value="posterw" />
            </include>
            <include content="View_List"><!-- רשימה -->
                <param name="viewlabel" value="535" />
                <param name="posx" value="0" />
                <param name="width" value="listw" />
                <param name="id" value="50" />
                <param name="condition" value="true" />
            </include>
			<control type="image">
				<description>Fanart</description>
				<posx>0</posx>
				<posy>-285</posy>
				<width>1920</width>
				<height>1080</height>
				<aspectratio scalediffuse="false">scale</aspectratio>
				<fadetime>300</fadetime>
				<animation effect="fade" end="100" condition="true">Conditional</animation>
				<texture background="true" fallback="special://skin/extras/backgrounds/home.jpg">special://skin/extras/backgrounds/home.jpg</texture>
				<visible>!IntegerGreaterThan(Container.NumItems,0)</visible>
			</control>
			<control type="multiimage">
				<posy>350</posy>
				<posx>900</posx>
				<width>90</width>
				<height>90</height> 
				<aspectratio>keep</aspectratio>
				<imagepath fallback="special://skin/extras/busy_spinners/Kitty">$INFO[Skin.String(SkinHelper.SpinnerTexturePath)]</imagepath>
				<timeperimage>100</timeperimage>
				<fadetime>0</fadetime>
				<visible>!Skin.String(SkinHelper.SpinnerTexturePath,None) + !IntegerGreaterThan(Container.NumItems,0)</visible>
			</control>         
            <control type="label">
				<posy>-400</posy>
                <right>750</right>
				<font>Font-Header</font>
				<align>right</align>
				<label>31764</label>
				<visible>!IntegerGreaterThan(Container.NumItems,0)</visible>
			</control>		           
            <control type="group">
                <width>listw</width>
                <include>Object_Arrows_Vertical</include>
            </control>
        </control>
    </include>

    <include name="Viewtype_SquareList">
        <control type="group">
            <visible>Control.IsVisible(50)</visible>
            <include>Animation_FadeIn</include>
            <include>Animation_FadeOut</include>
            <left>side</left>
            <right>side</right>
            <top>top</top>
            <height>height</height>
            <include content="Object_Poster">
                <param name="right" value="1190" />
                <param name="width" value="690" />
            </include>
            <include content="View_List">
                <param name="viewlabel" value="535" />
                <param name="posx" value="0" />
                <param name="width" value="1180" />
                <param name="id" value="50" />
                <param name="condition" value="true" />
            </include>
            <control type="group">
                <width>1180</width>
                <include>Object_Arrows_Vertical</include>
            </control>
        </control>
    </include>
    
    <!-- INFO LIST -->
    <include name="Viewtype_InfoList">
        <control type="group">
            <visible>Control.IsVisible(508)</visible>
            <include>Animation_FadeIn</include>
            <include>Animation_FadeOut</include>
            <left>side</left>
            <right>side</right>
            <top>top</top>
            <height>height</height>
            <include content="Object_Line">
                <param name="width" value="listw" />
                <param name="label" value="$INFO[Control.GetLabel(3),, ]$INFO[Control.GetLabel(4),[COLOR=PosterBorder]-[/COLOR] , ]" />
            </include>
            <include content="Object_Poster">
                <param name="left" value="posterx" />
                <param name="width" value="posterw" />
            </include>
            <include content="View_InfoList">
                <param name="id" value="508" />
                <param name="width" value="listw" />
                <param name="name" value="31192" />
                <param name="condition" value="Container.Content(seasons) | Container.Content(sets) | Container.Content(episodes) | Container.Content(tvshows) | Container.Content(movies)" />
            </include>
        </control>
    </include>
    <include name="Viewtype_InfoList2">
        <control type="group">
            <visible>Control.IsVisible(509)</visible>
            <include>Animation_FadeIn</include>
            <include>Animation_FadeOut</include>
            <left>side</left>
            <right>side</right>
            <top>top</top>
            <height>height</height>
            <include content="Object_Line">
                <param name="width" value="1880" />
                <param name="label" value="$INFO[Control.GetLabel(3),, ]$INFO[Control.GetLabel(4),[COLOR=PosterBorder]-[/COLOR] , ]" />
            </include>
            <include content="View_InfoList">
                <param name="id" value="509" />
                <param name="width" value="1880" />                
                <param name="name" value="31646" />
                <param name="condition" value="Container.Content(seasons) | Container.Content(sets) | Container.Content(episodes) | Container.Content(tvshows) | Container.Content(movies)" />
            </include>
        </control>
    </include>
    <include name="View_InfoList">
        <control type="group">
            <control type="group">
                <top>0</top>
                <left>0</left>
                <width>$PARAM[width]</width>
                <height>335</height>
                <control type="image">
                    <left>0</left>
                    <right>0</right>
                    <top>0</top>
                    <bottom>0</bottom>
                    <texture colordiffuse="PosterBorder">common/white.png</texture>
                </control>
                <control type="image">
                    <right>pad</right>
                    <width>560</width>
                    <top>pad</top>
                    <bottom>pad</bottom>
                    <fadetime>200</fadetime>
                    <aspectratio>scale</aspectratio>
                    <texture>$VAR[Image_Thumb]</texture>
                    <visible>!Container.Content(tvshows)</visible>
                </control>
                <control type="image">
                    <right>pad</right>
                    <width>560</width>
                    <top>pad</top>
                    <bottom>pad</bottom>
                    <fadetime>200</fadetime>
                    <aspectratio>scale</aspectratio>
                    <texture>$VAR[Image_Thumb2]</texture>
                    <visible>Container.Content(tvshows)</visible>
                </control>
                
                <control type="image">
                    <left>20</left>
                    <top>20</top>
                    <height>32</height>
                    <width>32</width>
                    <texture colordiffuse="$VAR[Indicators_SecondaryColor]">$VAR[Image_Indicator_Back]</texture>
                    <visible>!IsEmpty(ListItem.Overlay)</visible>
                </control>
                <control type="image">
                    <left>20</left>
                    <top>20</top>
                    <height>32</height>
                    <width>32</width>                            
                    <texture colordiffuse="$VAR[Indicators_PrimaryColor]">$VAR[Image_Indicator]</texture>
                    <visible>!IsEmpty(ListItem.Overlay)</visible>
                </control>
                <control type="grouplist">
                    <usecontrolcoords>true</usecontrolcoords>
                    <itemgap>pad</itemgap>
                    <orientation>vertical</orientation>
                    <right>580</right>
                    <left>pad</left>
                    <top>pad</top>
                    <bottom>pad</bottom>
                    <control type="label">
                        <top>pad</top>
                        <left>pad</left>
                        <align>right</align>
                        <right>pad</right>
                        <height>36</height>
                        <font>Font-InfoBox-Title</font>
                        <label>$INFO[ListItem.Label]</label>
                    </control>
                    <control type="label">
                        <left>pad</left>
                        <right>pad</right>
                        <align>right</align>
                        <height>24</height>
                        <textcolor>$VAR[HighlightColor2]</textcolor>
                        <font>Font-ListInfo-Small-Bold</font>
                        <label>$INFO[ListItem.Genre,[UPPERCASE],[/UPPERCASE]]</label>
                    </control>
                    <control type="textbox">
                        <top>7</top>
                        <left>pad</left>
                        <right>pad</right>
                        <align>right</align>
                        <height>154</height>
                        <font>Font-ListInfo</font>
                        <align>justify</align>
                        <label>$VAR[Label_Plot]</label>
                    </control>
                    <control type="label">
                        <top>13</top>
                        <left>pad</left>
                        <right>pad</right>
                        <height>20</height>
                        <align>left</align>
                        <font>Font-ListInfo-Small-Bold</font>
                        <label>$VAR[Label_ExtraInfo_Icons]</label>
                    </control>
                </control>
            </control>
            <control type="image">
                <left>0</left>
                <width>$PARAM[width]</width>
                <top>345</top>
                <height>345</height>
                <texture colordiffuse="PosterBorder">common/white.png</texture>
            </control>
            <control type="fixedlist" id="$PARAM[id]">
                <top>345</top>
                <left>0</left>
                <width>$PARAM[width]</width>
                <height>345</height>
                <onup>$PARAM[id]</onup>
                <ondown>$PARAM[id]</ondown>
                <onleft>60</onleft>
                <onright condition="!Skin.HasSetting(KioskMode)">9000</onright>
                <pagecontrol>60</pagecontrol>
                <focusposition>2</focusposition>
                <movement>2</movement>
                <preloaditems>2</preloaditems>
                <orientation>vetical</orientation>
                <viewtype label="$PARAM[name]">list</viewtype>
                <scrolltime tween="quadratic">400</scrolltime>
                <visible>$PARAM[condition]</visible>
                <itemlayout height="69" width="$PARAM[width]">
                <include>View_List_Itemlayout</include>
                </itemlayout>

                <focusedlayout height="69" width="$PARAM[width]">
                <include>View_List_Focusedlayout</include>
                </focusedlayout>
            </control>
        </control>
    </include>

    <!-- MEDIA INFO -->
    <include name="Viewtype_MediaInfo">
        <control type="group">
            <visible>Control.IsVisible(54)</visible>
            <include>Animation_FadeIn</include>
            <include>Animation_FadeOut</include>
            <left>side</left>
            <right>side</right>
            <top>top</top>
            <height>height</height>
            <include content="View_List">
                <param name="viewlabel" value="31645" />
                <param name="posx" value="0" />
                <param name="width" value="1130" />
                <param name="id" value="54" />
                <param name="condition" value="Container.Content(seasons) | Container.Content(movies) | Container.Content(tvshows) | Container.Content(episodes) | Container.Content(sets)" />
            </include>
            <include>Object_ExtraInfo3</include>
            <control type="group">
                <width>1130</width>
                <include>Object_Arrows_Vertical4</include>
            </control>
        </control>
    </include>

    <!-- MEDIA INFO 2 -->
    <include name="Viewtype_MediaInfo2">
        <control type="group">
            <visible>Control.IsVisible(502)</visible>
            <include>Animation_FadeIn</include>
            <include>Animation_FadeOut</include>
            <left>side</left>
            <right>side</right>
            <top>top</top>
            <height>height</height>
            <include content="View_List">
                <param name="viewlabel" value="31143" />
                <param name="posx" value="0" />
                <param name="width" value="850" />
                <param name="id" value="502" />
                <param name="label3" value="true" />
                <param name="condition" value="Container.Content(seasons) | Container.Content(movies) | Container.Content(tvshows) | Container.Content(episodes) | Container.Content(sets)" />
            </include>
            <include>Object_ExtraInfo2</include>
            <control type="group">
                <left>0</left>
                <width>850</width>
                <include>Object_Arrows_Vertical2</include>
            </control>
        </control>
    </include>

    <!-- MEDIA INFO 3 -->
    <include name="Viewtype_MediaInfo3">
        <control type="group">
            <visible>Control.IsVisible(503)</visible>
            <include>Animation_FadeIn</include>
            <include>Animation_FadeOut</include>
            <right>side</right>
            <left>side</left>
            <top>top</top>
            <height>height</height>
            <include content="View_List">
                <param name="viewlabel" value="31148" />
                <param name="posx" value="0" />
                <param name="width" value="653" />
                <param name="id" value="503" />
                <param name="label3" value="false" />
                <param name="condition" value="Container.Content(seasons) | Container.Content(movies) | Container.Content(tvshows) | Container.Content(episodes) | Container.Content(sets)" />
            </include>
            <include content="Object_Poster">
                <param name="right" value="1413" />
                <param name="width" value="posterw" />
            </include>
            <include content="Object_ExtraInfo3">
                <param name="left" value="480" />
            </include>
            <control type="group">
                <left>0</left>
                <width>653</width>
                <include>Object_Arrows_Vertical4</include>
            </control>
        </control>
    </include>

    <!-- FANART LIST -->
    <include name="Viewtype_FanartList">
        <control type="group">
            <visible>Control.IsVisible(506)</visible>
            <include>Animation_FadeIn</include>
            <include>Animation_FadeOut</include>
            <right>side</right>
            <left>side</left>
            <top>top</top>
            <height>height</height>
            <control type="group">
                <left>-10</left>
                <width>1221</width>
                <include>View_BigWide_Fanart</include>
                <include>View_BigWide_Info</include>
            </control>
            <control type="group">
                <left>-10</left>
                <width>1211</width>
                <include content="Object_Line">
                    <param name="width" value="1211" />
                    <param name="label" value="19033" />
                </include>
            </control>
            <include content="View_List">
                <param name="viewlabel" value="31164" />
                <param name="posx" value="0" />
                <param name="width" value="659" />
                <param name="id" value="506" />
                <param name="label3" value="false" />
                <!--<param name="condition" value="Container.Content(seasons) | Container.Content(movies) | Container.Content(tvshows) | Container.Content(episodes) | Container.Content(sets)" />-->
            </include>
            <control type="group">
                <width>659</width>
                <include>Object_Arrows_Vertical</include>
            </control>
        </control>
    </include>

    <!-- PANEL LIST Abeksis - תצוגת פנאל -->
    <include name="Viewtype_PanelList">
        <control type="group">
            <visible>Control.IsVisible(58)</visible>
            <include>Animation_FadeIn</include>
            <include>Animation_FadeOut</include>
            <left>side</left>
            <right>side</right>
            <top>top</top>
            <height>height</height>
            <include content="Object_Line">
                <param name="width" value="1880" />
                <param name="label" value="$INFO[Control.GetLabel(3),, ]$INFO[Control.GetLabel(4),[COLOR=PosterBorder]-[/COLOR] , ]" />
            </include>
            <include content="View_BigList">
                <param name="id" value="58" />
                <param name="width" value="630" />
                <param name="condition" value="!Container.Content(genres) + !Container.Content(songs) + !Container.Content(files)" />
                <param name="name" value="31137" />
            </include>
            <include>Object_Scrollbar</include>
            <include>Object_Arrows_Vertical3</include>
        </control>
    </include>

    <!-- BIG LIST -->
    <include name="Viewtype_BigList">
        <control type="group">
            <visible>Control.IsVisible(57)</visible>
            <include>Animation_FadeIn</include>
            <include>Animation_FadeOut</include>
            <left>side</left>
            <right>0</right>
            <top>top</top>
            <height>height</height>
            <include content="Object_Line">
                <param name="width" value="1880" />
                <param name="label" value="$INFO[Control.GetLabel(3),, ]$INFO[Control.GetLabel(4),[COLOR=PosterBorder]-[/COLOR] , ]" />
            </include>
            <include content="View_BigList">
                <param name="id" value="57" />
                <param name="width" value="1890" />
                <param name="condition" value="!Container.Content(genres)" />
                <param name="name" value="537" />
            </include>
            <include>Object_Scrollbar</include>
            <include>Object_Arrows_Vertical2</include>
        </control>
    </include>

    <!-- BIG LIST INFO -->
    <include name="Viewtype_BigListInfo">
        <control type="group">
            <visible>Control.IsVisible(501)</visible>
            <include>Animation_FadeIn</include>
            <include>Animation_FadeOut</include>
            <left>side</left>
            <right>0</right>
            <top>top</top>
            <height>height</height>
            <include content="Object_Line">
                <param name="width" value="1130" />
                <param name="label" value="$INFO[Control.GetLabel(3),, ]$INFO[Control.GetLabel(4),[COLOR=PosterBorder]-[/COLOR] , ]" />
            </include>
            <include content="View_BigList">
                <param name="id" value="501" />
                <param name="width" value="1140" />
                <param name="condition" value="Container.Content(movies) | Container.Content(episodes) | Container.Content(seasons) | Container.Content(sets) | Container.Content(tvshows) | Container.Content(artists) | Container.Content(albums)" />
                <param name="name" value="31142" />
            </include>
            <include>Object_ExtraInfo</include><!-- הצגת המידע של הסרט והתמונות הגדולה  -->
            <include>Object_Scrollbar</include>
            <control type="group">
                <width>1140</width>
                <include>Object_Arrows_Vertical</include><!-- הצגת חצים למעלה למטה -->
            </control>
        </control>
    </include>
    <include name="View_BigList">
        <control type="group">
            <control type="panel" id="$PARAM[id]">
                <width>1890</width>                
                <height>690</height>
                <onup>$PARAM[id]</onup>
                <ondown>$PARAM[id]</ondown>
                <onright condition="!Skin.HasSetting(KioskMode)">9000</onright>
                <onleft>60</onleft>
                <pagecontrol>60</pagecontrol>
                <preloaditems>2</preloaditems>
                <orientation>vertical</orientation>
                <viewtype label="$PARAM[name]">biglist</viewtype>
                <scrolltime tween="quadratic">400</scrolltime>
                <visible>$PARAM[condition]</visible>
                <itemlayout height="140" width="$PARAM[width]">
                    <control type="group">
                        <left>0</left>
                        <right>pad</right>
                        <bottom>pad</bottom>
                        <control type="image">
                            <width>100%</width>
                            <height>100%</height>
                            <texture colordiffuse="PosterBorder">common/white.png</texture>
                        </control>
                        <control type="image">
                            <left>side</left>
                            <width>110</width>
                            <top>pad</top>
                            <bottom>pad</bottom>
                            <aspectratio>keep</aspectratio>
                            <texture background="true">$INFO[ListItem.Icon]</texture>
                        </control>                        
                        <control type="image">
                            <left>30</left>
                            <centertop>65</centertop>
                            <height>32</height>
                            <width>32</width>                            
                            <texture colordiffuse="$VAR[Indicators_SecondaryColor]">$VAR[Image_Indicator_Back]</texture>
                            <visible>!IsEmpty(ListItem.Overlay)</visible>
                        </control>                        
                        <control type="image">
                            <left>30</left>
                            <centertop>65</centertop>
                            <height>32</height>
                            <width>32</width>                            
                            <texture colordiffuse="$VAR[Indicators_PrimaryColor]">$VAR[Image_Indicator]</texture>
                            <visible>!IsEmpty(ListItem.Overlay)</visible>
                        </control>
                        <control type="label">
                            <left>160</left>
                            <right>80</right>
                            <height>100%</height>
                            <aligny>center</aligny>
                            <label>$INFO[ListItem.Label]</label>
                            <visible>!IntegerGreaterThan(ListItem.Rating,0) + IsEmpty(ListItem.Label2)</visible>
                        </control>
                        <!-- Abeksis כותרת -->
                        <control type="label">
                            <right>160</right>
                            <align>right</align>
                            <top>28</top>
                            <height>30</height>
                            <label>$INFO[ListItem.Label]</label>
                            <visible>IntegerGreaterThan(ListItem.Rating,0) | !IsEmpty(ListItem.Label2)</visible>
                        </control>
                        <!-- Abeksis ניקוד -->
                        <control type="label">
                            <right>160</right>
                            <align>right</align>
                            <bottom>32</bottom>
                            <height>30</height>
                            <font>Font-ListInfo</font>                           
                            <label>$INFO[ListItem.Rating]$VAR[Label_Label3,  •  ,]</label>
                            <visible>IntegerGreaterThan(ListItem.Rating,0) | !IsEmpty(ListItem.Label2)</visible>                          
                            <visible>!Skin.HasSetting(disable.rating)</visible>
                        </control>                        
                        <control type="label">
                            <left>160</left>
                            <right>80</right>
                            <bottom>32</bottom>
                            <height>30</height>
                            <font>Font-ListInfo</font>
                            <label>$VAR[Label_Label3]</label>
                            <visible>IntegerGreaterThan(ListItem.Rating,0) | !IsEmpty(ListItem.Label2)</visible>
                            <visible>Skin.HasSetting(disable.rating)</visible>
                        </control>
                    </control>
                </itemlayout>

                <focusedlayout height="140" width="$PARAM[width]">
                    <control type="group">
                        <left>0</left>
                        <right>pad</right>
                        <bottom>pad</bottom>
                        <control type="image">
                            <width>100%</width>
                            <height>100%</height>
                            <texture colordiffuse="$VAR[HighlightColor]">common/white.png</texture>
                        </control>
                        <control type="image">
                            <left>side</left>
                            <width>110</width>
                            <top>pad</top>
                            <bottom>pad</bottom>
                            <aspectratio>keep</aspectratio>
                            <texture background="true">$INFO[ListItem.Icon]</texture>
                        </control>
                          
                        <control type="image">
                            <left>30</left>
                            <centertop>65</centertop>
                            <height>32</height>
                            <width>32</width>                            
                            <texture colordiffuse="$VAR[Indicators_SecondaryColor]">$VAR[Image_Indicator_Back]</texture>
                            <visible>!IsEmpty(ListItem.Overlay)</visible>
                        </control>
                        <control type="image">
                            <left>30</left>
                            <centertop>65</centertop>
                            <height>32</height>
                            <width>32</width>                            
                            <texture colordiffuse="$VAR[Indicators_PrimaryColor]">$VAR[Image_Indicator]</texture>
                            <visible>!IsEmpty(ListItem.Overlay)</visible>
                        </control>
                        <control type="label">
                            <left>160</left>
                            <right>80</right>
                            <height>100%</height>
                            <aligny>center</aligny>
                            <textcolor>Selected</textcolor>
                            <label>$INFO[ListItem.Label]</label>
                            <visible>!IntegerGreaterThan(ListItem.Rating,0) + IsEmpty(ListItem.Label2)</visible>
                        </control>
                        <control type="label">
                            <right>160</right>
                            <align>right</align>
                            <right>80</right>
                            <top>28</top>
                            <height>30</height>
                            <textcolor>Selected</textcolor>
                            <label>$INFO[ListItem.Label]</label>
                            <visible>IntegerGreaterThan(ListItem.Rating,0) | !IsEmpty(ListItem.Label2)</visible>                            
                        </control>
                        <control type="label">
                            <right>160</right>
                            <align>right</align>
                            <bottom>32</bottom>
                            <height>30</height>
                            <textcolor>Selected</textcolor>
                            <font>Font-ListInfo</font>                            
                            <label>$INFO[ListItem.Rating]$VAR[Label_Label3,  •  ,]</label>
                            <visible>IntegerGreaterThan(ListItem.Rating,0) | !IsEmpty(ListItem.Label2)</visible>                          
                            <visible>!Skin.HasSetting(disable.rating)</visible>                            
                        </control>
                        
                        <control type="label">
                            <left>160</left>
                            <right>80</right>
                            <bottom>32</bottom>
                            <height>30</height>
                            <textcolor>Selected</textcolor>
                            <font>Font-ListInfo</font>
                            <label>$VAR[Label_Label3]</label>
                            <visible>IntegerGreaterThan(ListItem.Rating,0) | !IsEmpty(ListItem.Label2)</visible>                          
                            <visible>Skin.HasSetting(disable.rating)</visible>
                        </control>
                    </control>
                </focusedlayout>
            </control>
        </control>
    </include>
    
    <!-- LIST INCLUDE -->
    <include name="View_List_Itemlayout">
        <control type="label">
            <right>80</right>
            <left>30</left>
            <top>0</top>
            <height>100%</height>
            <align>right</align>
            <font>Font-ListInfo</font>
            <label>$INFO[ListItem.Year]</label>
            <visible>Container.Content(movies)</visible>
        </control>
        <control type="label">
            <right>170</right>
            <left>30</left>
            <top>0</top>
            <align>right</align>
            <height>100%</height>
            <label>$INFO[ListItem.Label]</label>
            <visible>Container.Content(movies)</visible>
        </control>
        <control type="label">
            <left>30</left>
            <right>90</right>
            <align>right</align>
            <top>0</top>
            <height>100%</height>
            <label>$INFO[ListItem.Label]</label>
            <visible>!Container.Content(movies)</visible>
        </control>
        <control type="label">
            <left>150</left>           
            <right>30</right>
            <top>0</top>
            <height>100%</height>
            <align>left</align>
            <font>Font-ListInfo</font>
            <label>$VAR[Label_Label3]</label>
            <visible>!IsEmpty(ListItem.Overlay)</visible>
            <visible>!Container.Content(seasons) + !Container.Content(sets)</visible>
        </control>
        
        <control type="image"><!-- כוכב שחור -->
            <right>30</right>
            <centertop>50%</centertop>
            <height>32</height>
            <width>32</width>
            <texture colordiffuse="$VAR[Indicators_SecondaryColor]">$VAR[Image_Indicator_Back]</texture>
            <visible>!IsEmpty(ListItem.Overlay)</visible>
            <visible>!Container.Content(seasons) + !Container.Content(sets)</visible>
        </control>
        <control type="image"><!-- כוכב לבן -->         
            <right>30</right>
            <centertop>50%</centertop>
            <height>32</height>
            <width>32</width>                            
            <texture colordiffuse="$VAR[Indicators_PrimaryColor]">$VAR[Image_Indicator]</texture>
            <visible>!IsEmpty(ListItem.Overlay)</visible>
            <visible>!Container.Content(seasons) + !Container.Content(sets)</visible>
        </control>
        <control type="image">
            <right>30</right>
            <centertop>50%</centertop>
            <height>32</height>
            <width>32</width>
            <texture colordiffuse="$VAR[Indicators_SecondaryColor]">$VAR[Image_Indicator_Back]</texture>
            <visible>!IsEmpty(ListItem.Overlay)</visible>
            <visible>Container.Content(seasons) | Container.Content(sets)</visible>
        </control>
        <control type="image">
            <right>30</right>
            <centertop>50%</centertop>
            <height>32</height>
            <width>32</width>                            
            <texture colordiffuse="$VAR[Indicators_PrimaryColor]">$VAR[Image_Indicator]</texture>
            <visible>!IsEmpty(ListItem.Overlay)</visible>
            <visible>Container.Content(seasons) | Container.Content(sets)</visible>
        </control>
        <control type="label">
            <left>30</left>
            <right>30</right>
            <top>0</top>
            <height>100%</height>
            <align>left</align>
            <font>Font-ListInfo</font>
            <label fallback="0.0">$INFO[ListItem.Rating]</label>          
            <visible>!Skin.HasSetting(disable.rating)</visible>
            <visible>!IsEmpty(ListItem.Overlay)</visible>
            <visible>!Container.Content(seasons) + !Container.Content(sets)</visible>
        </control>
        <control type="label">
            <left>30</left>
            <right>30</right>
            <top>0</top>
            <align>left</align>
            <height>100%</height>
            <font>Font-ListInfo</font>
            <label>$INFO[ListItem.Label2]</label>
            <visible>IsEmpty(ListItem.Overlay)</visible>
        </control>
    </include>
    <include name="View_List_Focusedlayout">
        <control type="image">
            <width>100%</width>
            <height>100%</height>
            <texture colordiffuse="$VAR[HighlightColor]">common/white.png</texture>
        </control>
        <control type="label">
            <right>80</right>
            <left>30</left>
            <top>0</top>
            <height>100%</height>
            <align>right</align>
            <font>Font-ListInfo</font>
            <textcolor>Selected</textcolor>
            <label>$INFO[ListItem.Year]</label>
            <visible>Container.Content(movies)</visible>
        </control>
        <control type="label">
            <right>170</right>
            <left>30</left>
            <align>right</align>
            <top>0</top>
            <height>100%</height>
            <label>$INFO[ListItem.Label]</label>
            <textcolor>Selected</textcolor>
            <visible>Container.Content(movies)</visible>
        </control> 
        <control type="label">
            <left>30</left>
            <right>90</right>
            <top>0</top>
            <align>right</align>
            <height>100%</height>
            <label>$INFO[ListItem.Label]</label>
            <textcolor>Selected</textcolor>
            <visible>!Container.Content(movies)</visible>
        </control>
        <!-- Me תאריך הסדרה -->         
        <control type="label">
            <textcolor>Selected</textcolor>
            <left>150</left>           
            <right>30</right>
            <top>0</top>
            <height>100%</height>
            <align>left</align>
            <font>Font-ListInfo</font>
            <label>$VAR[Label_Label3]</label>
            <visible>!IsEmpty(ListItem.Overlay)</visible>
            <visible>!Container.Content(seasons) + !Container.Content(sets)</visible>
        </control>       
        <control type="image">          
            <right>30</right>
            <centertop>50%</centertop>
            <height>32</height>
            <width>32</width>
            <texture colordiffuse="$VAR[Indicators_SecondaryColor]">$VAR[Image_Indicator_Back]</texture>
            <visible>!IsEmpty(ListItem.Overlay)</visible>
            <visible>!Container.Content(seasons) + !Container.Content(sets)</visible>
        </control>
        <control type="image">        
            <right>30</right>
            <centertop>50%</centertop>
            <height>32</height>
            <width>32</width>                           
            <texture colordiffuse="$VAR[Indicators_PrimaryColor]">$VAR[Image_Indicator]</texture>
            <visible>!IsEmpty(ListItem.Overlay)</visible>
            <visible>!Container.Content(seasons) + !Container.Content(sets)</visible>
        </control>         
        <control type="image">
            <right>30</right>
            <centertop>50%</centertop>
            <height>32</height>
            <width>32</width>
            <texture colordiffuse="$VAR[Indicators_SecondaryColor]">$VAR[Image_Indicator_Back]</texture>
            <visible>!IsEmpty(ListItem.Overlay)</visible>
            <visible>Container.Content(seasons) | Container.Content(sets)</visible>
        </control>
        <control type="image">
            <right>30</right>
            <centertop>50%</centertop>
            <height>32</height>
            <width>32</width>                        
            <texture colordiffuse="$VAR[Indicators_PrimaryColor]">$VAR[Image_Indicator]</texture>
            <visible>!IsEmpty(ListItem.Overlay)</visible>
            <visible>Container.Content(seasons) | Container.Content(sets)</visible>
        </control>
        <control type="label">
            <textcolor>Selected</textcolor>
            <left>30</left>          
            <right>30</right>
            <top>0</top>
            <height>100%</height>
            <align>left</align>
            <font>Font-ListInfo</font>
            <label fallback="0.0">$INFO[ListItem.Rating]</label>           
            <visible>!Skin.HasSetting(disable.rating)</visible>            
            <visible>!IsEmpty(ListItem.Overlay)</visible>
            <visible>!Container.Content(seasons) + !Container.Content(sets)</visible>
        </control>
        <control type="label">
            <textcolor>Selected</textcolor>
            <left>30</left>
            <right>30</right>
             <align>left</align>
            <top>0</top>
            <height>100%</height>
            <font>Font-ListInfo</font>
            <label>$INFO[ListItem.Label2]</label>
            <visible>IsEmpty(ListItem.Overlay)</visible>
        </control>
    </include>
    <include name="View_List">
        <param name="label3" default="true" />
        <definition>
            <control type="group">
                <right>$PARAM[posx]</right>
                <width>$PARAM[width]</width>
                <include content="Object_Line">
                    <param name="width" value="$PARAM[width]" />
                    <param name="label" value="$INFO[Control.GetLabel(3),, ]$INFO[Control.GetLabel(4),[COLOR=PosterBorder]-[/COLOR] , ]" />
                </include>
                <control type="image">
                    <width>$PARAM[width]</width>
                    <height>height</height>
                    <texture colordiffuse="PosterBorder">common/white.png</texture>
                </control>
                <include>Object_Scrollbar</include>
                <control type="panel" id="$PARAM[id]">
                    <top>0</top>
                    <left>0</left>
                    <width>$PARAM[width]</width>
                    <height>height</height>
                    <onup>$PARAM[id]</onup>
                    <ondown>$PARAM[id]</ondown>
                    <onleft>60</onleft>
                    <onright condition="!Skin.HasSetting(KioskMode)">9000</onright>
                    <pagecontrol>60</pagecontrol>
                    <orientation>vertical</orientation>
                    <viewtype label="$PARAM[viewlabel]">list</viewtype>
                    <scrolltime tween="quadratic">400</scrolltime>
                    <visible>$PARAM[condition]</visible>
                    <itemlayout height="69" width="$PARAM[width]" condition="$PARAM[label3]">
                    <include>View_List_Itemlayout</include>   
                    </itemlayout>
                    <focusedlayout height="69" width="$PARAM[width]" condition="$PARAM[label3]">
                    <include>View_List_Focusedlayout</include>   
                    </focusedlayout>
                    <itemlayout height="69" width="$PARAM[width]" condition="!$PARAM[label3]">
                        <control type="label">
                            <right>80</right>
                            <left>30</left>
                            <align>right</align>
                            <top>0</top>
                            <height>100%</height>
                            <label>$INFO[ListItem.Label]</label>
                        </control>                           
                        <control type="image">
                            <centerleft>40</centerleft>
                            <centertop>50%</centertop>
                            <height>32</height>
                            <width>32</width>                           
                            <texture colordiffuse="$VAR[Indicators_SecondaryColor]">$VAR[Image_Indicator_Back]</texture>
                            <visible>!IsEmpty(ListItem.Overlay)</visible>
                        </control>
                        <control type="image">
                            <centerleft>40</centerleft>
                            <centertop>50%</centertop>
                            <height>32</height>
                            <width>32</width>                           
                            <texture colordiffuse="$VAR[Indicators_PrimaryColor]">$VAR[Image_Indicator]</texture>
                            <visible>!IsEmpty(ListItem.Overlay)</visible>
                        </control>
                        <control type="label">
                            <left>60</left>
                            <right>30</right>
                            <top>0</top>
                            <height>100%</height>
                            <align>left</align>
                            <font>Font-ListInfo</font>
                            <label>$INFO[ListItem.Label2]</label>                           
                            <visible>!Skin.HasSetting(disable.rating)</visible>
                        </control>
                    </itemlayout>
                    <focusedlayout height="69" width="$PARAM[width]" condition="!$PARAM[label3]">
                        <control type="image">
                            <width>100%</width>
                            <height>100%</height>
                            <texture colordiffuse="$VAR[HighlightColor]">common/white.png</texture>
                        </control>
                        <control type="label">
                            <right>80</right>
                            <left>30</left>
                            <align>right</align>
                            <top>0</top>
                            <height>100%</height>
                            <textcolor>Selected</textcolor>
                            <label>$INFO[ListItem.Label]</label>
                        </control>                        
                        <control type="image">
                            <centerleft>40</centerleft>
                            <centertop>50%</centertop>
                            <height>32</height>
                            <width>32</width>
                            <texture colordiffuse="$VAR[Indicators_SecondaryColor]">$VAR[Image_Indicator_Back]</texture>
                            <visible>!IsEmpty(ListItem.Overlay)</visible>
                        </control>
                        <control type="image">
                            <centerleft>40</centerleft>
                            <centertop>50%</centertop>
                            <height>32</height>
                            <width>32</width>                           
                            <texture colordiffuse="$VAR[Indicators_PrimaryColor]">$VAR[Image_Indicator]</texture>
                            <visible>!IsEmpty(ListItem.Overlay)</visible>
                        </control>
                        <control type="label">
                            <left>60</left>
                            <right>30</right>
                            <top>0</top>
                            <height>100%</height>
                            <align>left</align>
                            <font>Font-ListInfo</font>
                            <label>$INFO[ListItem.Label2]</label>                           
                            <visible>!Skin.HasSetting(disable.rating)</visible>
                        </control>
                    </focusedlayout>
                </control>
            </control>
        </definition>
    </include>

    <!-- FANART LIST -->
    <include name="Viewtype_FanartLogo">
        <control type="group">
            <visible>Control.IsVisible(159)</visible>
            <include>Animation_FadeIn</include>
            <include>Animation_FadeOut</include>
            <left>side</left>
            <right>side</right>
            <top>top</top>
            <height>height</height>
            <control type="group">
                <right>-10</right>
                <width>1221</width>
                <include>View_BigWide_Fanart</include>
                <include>View_BigWide_Info</include>
            </control>
            <control type="group">
                <right>0</right>
                <width>1211</width>
                <include content="Object_Line">
                    <param name="width" value="1211" />
                    <param name="label" value="19033" />
                </include>
            </control>
            <include content="View_FanartLogo">
                <param name="viewlabel" value="31742" />
                <param name="posx" value="0" />
                <param name="width" value="659" />
                <param name="id" value="159" />
            </include>
            <control type="group">
                <width>659</width>
                <include>Object_Arrows_Vertical2</include>
            </control>
        </control>
    </include>
    
    <include name="View_FanartLogo">
        <definition>
            <control type="group">
                <left>$PARAM[posx]</left>
                <width>$PARAM[width]</width>
                <include content="Object_Line">
                    <param name="width" value="$PARAM[width]" />
                    <param name="label" value="$INFO[Control.GetLabel(3),, ]$INFO[Control.GetLabel(4),[COLOR=PosterBorder]-[/COLOR] , ]" />
                </include>
                <control type="image">
                    <width>$PARAM[width]</width>
                    <height>height</height>
                    <texture colordiffuse="PosterBorder">common/white.png</texture>
                </control>
                <include>Object_Scrollbar</include>
                <control type="panel" id="$PARAM[id]">
                    <top>0</top>
                    <left>0</left>
                    <width>$PARAM[width]</width>
                    <height>height</height>
                    <onup>$PARAM[id]</onup>
                    <ondown>$PARAM[id]</ondown>
                    <onleft>60</onleft>
                    <onright condition="!Skin.HasSetting(KioskMode)">9000</onright>
                    <pagecontrol>60</pagecontrol>
                    <orientation>vertical</orientation>
                    <viewtype label="$PARAM[viewlabel]">list</viewtype>
                    <scrolltime tween="quadratic">400</scrolltime>
                    <visible>$PARAM[condition]</visible>
                    <itemlayout height="height" width="$PARAM[width]">
                    </itemlayout>
                    <focusedlayout height="height" width="$PARAM[width]">
                        <control type="image">
                            <centertop>50%</centertop>
                            <centerleft>50%</centerleft>
                            <width>500</width>             
                            <height>188</height>
                            <texture>$INFO[ListItem.Art(clearlogo)]</texture>
                        </control>
                        <control type="image">
                            <centertop>50%</centertop>
                            <centerleft>50%</centerleft>
                            <width>500</width>             
                            <height>188</height>
                            <texture>$INFO[ListItem.Art(tvshow.clearlogo)]</texture>
                        </control>
                        <control type="label">
                            <align>center</align>
                            <aligny>center</aligny>
                            <posx>30</posx>
                            <width>600</width>    
                            <scroll>yes</scroll>         
                            <height>height</height>
                            <font>Font-View</font>
                            <label>$INFO[ListItem.Label]</label>
                            <visible>IsEmpty(ListItem.Art(clearlogo)) + IsEmpty(ListItem.Art(tvshow.clearlogo))</visible>
                        </control>
                   </focusedlayout>
                </control>
            </control>
        </definition>
    </include>

</includes>