﻿<?xml version="1.0" encoding="UTF-8" standalone="yes"?>
<addon id="service.force-shutdown" name="Force Shutdown" version="0.0.1" provider-name="Anonymous">
    <requires>
        <import addon="xbmc.addon" version="12.0.0"/>
        <import addon="xbmc.python" version="2.1.0"/>
    </requires>
    <extension point="xbmc.service" library="service.py" start="login"/>
    <extension point="xbmc.addon.metadata">
        <summary lang="en">Script which forces shutdown</summary>
		<description lang="en">Simple Kodi's service which forces shutdown when abortRequested flag is set.</description>
        <platform>all</platform>
        <license>GNU GENERAL PUBLIC LICENSE. Version 2, June 1991</license>
    </extension>
</addon>
