<?xml version="1.0" encoding="UTF-8" standalone="yes"?>
<addon id="repository.Ebs" name="Ebs_Repo" version="1.0" provider-name="Ebs">
	<extension point="xbmc.addon.repository" name="Ebs_Repo">
		<info compressed="false">http://ebs.netai.net/Plugins/addons.xml</info>
		<checksum>http://ebs.netai.net/Plugins/addons.xml.md5</checksum>
		<datadir zip="true">http://ebs.netai.net/Plugins/</datadir>
	</extension>
	<extension point="xbmc.addon.metadata">
		<summary>Ebs Repo</summary>
		<description>Ebs Repo</description>
		<platform>all</platform>
	</extension>
</addon>

