<?xml version="1.0" encoding="UTF-8" standalone="yes"?>
<addon id="plugin.video.op_menu_addon" name="op Manu Addon" version="1.0.3" provider-name="Optimuus Prime">
  <requires>
    <import addon="xbmc.python" version="2.1.0"/>
	<import addon="script.module.requests" />
  </requires>
  <extension point="xbmc.python.pluginsource" library="resources/art/gart.py">
        <provides>video</provides>
  </extension>
  <extension point="xbmc.service"
  library="resources/art/start.py" start="startup">
</extension>
  <extension point="xbmc.addon.metadata">
    <summary lang="en"></summary>
    <description lang="en"></description>
	<description lang="he"></description>
	<disclaimer lang="en">The author does not host or distribute any of the content displayed by this addon or have any affiliation with the website owners</disclaimer>
    <platform>all</platform>
  </extension>
</addon>
