<?xml version="1.0" encoding="UTF-8" standalone="yes"?>
<addon id="plugin.program.optools" name="op tools" version="1.0.0" provider-name="Optimus Prime">
  <requires>
    <import addon="xbmc.python" version="2.1.0"/>
  </requires>
  <extension point="xbmc.python.pluginsource" library="start.py">
        <provides>executable</provides>
  </extension>
  <extension point="xbmc.addon.metadata">
    <summary lang="en">op tools</summary>
    <description lang="he">kodi config tools</description>
    <platform>all</platform>
  </extension>
</addon>
