﻿<?xml version="1.0.0" encoding="UTF-8" standalone="yes"?>
<addon id="service.addons.autoupdate"
    name="auto updates" version="1.0.2" provider-name="op">
  <requires>
    <import addon="xbmc.python" version="2.14.0"/>
  </requires>
  <extension point="xbmc.python.script" library="manual.py"> 
     <provides>executable</provides> 
  </extension> 
  <extension point="xbmc.service" library="default.py" start="login">
  </extension>
  <extension point="xbmc.addon.metadata">
    <summary lang="he">עדכון הרחבות וספריות באופן אוטומטי</summary>
    <description lang="he">עדכון  מאגרי רפו להרחבות וספריות באופן אוטומטי</description>
    <language></language>
  </extension>
</addon>
